,Unnamed: 0,EmployeeID,SL No,Date_Of_Purchased,skill,Date_Of_Completion,Hours per Week
0,0,8718667,0,2021-09-07,Accounts,2021-11-02,5
1,1,40724176,1,2021-09-25,Data Science,2021-10-24,4
2,2,10770023,2,2021-08-13,Management,2021-08-14,6
3,3,90119887,3,2021-08-29,Machine Learning,2021-09-16,3
4,4,3815366,4,2021-08-02,Business,2021-09-07,2
5,5,53620204,5,2021-09-11,Analytics,2021-10-10,5
6,6,33219769,6,2021-08-19,Reinforcement Learning,2021-08-28,4
7,7,85208661,7,2021-09-05,Feature Engineering,2021-09-27,1
8,8,15966239,8,2021-08-30,Management,2021-10-10,5
9,9,33721665,9,2021-09-02,AI,2021-09-14,1
10,10,33379639,10,2021-08-08,Business,2021-09-28,4
11,11,24516335,11,2021-08-25,Data Visualization,2021-10-21,4
12,12,167055,12,2021-08-30,AI,2021-09-27,3
13,13,43627579,13,2021-08-19,AI,2021-08-19,1
14,14,8761349,14,2021-08-18,Data Science,2021-09-11,2
15,15,59759946,15,2021-09-22,AI,2021-11-01,5
16,16,6987696,16,2021-08-12,Artificial Intelligence,2021-08-28,1
17,17,31545897,17,2021-08-11,AI,2021-09-19,2
18,18,44832170,18,2021-09-25,Administration,2021-10-22,4
19,19,90539865,19,2021-09-06,Analytics,2021-11-04,1
20,20,9276456,20,2021-08-24,Business,2021-10-07,1
21,21,14217506,21,2021-08-25,Accounts,2021-09-24,3
22,22,79007184,22,2021-08-22,Analytics,2021-10-07,3
23,23,2123597,23,2021-09-24,Management,2021-10-04,3
24,24,91115054,24,2021-08-23,Consulting,2021-09-14,4
25,25,57340808,25,2021-09-27,Data Visualization,2021-10-23,5
26,26,26532170,26,2021-09-14,Management,2021-10-31,6
27,27,83783764,27,2021-09-09,Data Science,2021-09-12,3
28,28,76879474,28,2021-08-31,Administration,2021-09-14,2
29,29,34346215,29,2021-08-09,Artificial Intelligence,2021-08-30,6
30,30,80149659,30,2021-09-21,Feature Engineering,2021-10-20,5
31,31,20686247,31,2021-08-26,Consulting,2021-10-03,6
32,32,60890252,32,2021-09-24,Random Forest,2021-11-19,3
33,33,52707495,33,2021-08-15,Business,2021-09-04,2
34,34,80933852,34,2021-08-14,Leadership,2021-09-02,4
35,35,31526315,35,2021-09-25,Machine Learning,2021-11-07,5
36,36,39823815,36,2021-08-26,Neural Networks,2021-09-01,4
37,37,76927908,37,2021-08-20,Random Forest,2021-09-14,6
38,38,51275213,38,2021-08-15,Neural Networks,2021-10-06,6
39,39,68483721,39,2021-08-29,Random Forest,2021-09-28,1
40,40,63835326,40,2021-09-15,Pattern Recognition,2021-09-25,2
41,41,66665763,41,2021-08-05,Management,2021-09-20,2
42,42,89009857,42,2021-08-09,Random Forest,2021-08-16,5
43,43,48613647,43,2021-09-02,Accounts,2021-10-16,3
44,44,66847022,44,2021-09-13,Consulting,2021-10-11,6
45,45,37452163,45,2021-08-10,Random Forest,2021-09-11,4
46,46,3184130,46,2021-09-13,Consulting,2021-09-28,6
47,47,75417317,47,2021-08-21,Neural Networks,2021-09-15,1
48,48,18146491,48,2021-09-18,Finance,2021-10-31,5
49,49,82019018,49,2021-09-12,Artificial Intelligence,2021-09-27,4
50,50,91364591,50,2021-09-27,Reinforcement Learning,2021-10-31,6
51,51,65807415,51,2021-07-30,Leadership,2021-08-21,5
52,52,17012688,52,2021-08-27,Reinforcement Learning,2021-10-03,3
53,53,33691615,53,2021-08-01,Finance,2021-08-16,3
54,54,39119330,54,2021-09-10,Business,2021-10-15,2
55,55,7329077,55,2021-08-05,Deep Learning,2021-08-31,2
56,56,45676707,56,2021-08-05,Neural Networks,2021-08-14,6
57,57,57316851,57,2021-08-09,Random Forest,2021-10-06,3
58,58,33610609,58,2021-08-14,Artificial Intelligence,2021-08-28,4
59,59,18906186,59,2021-09-09,Business,2021-10-23,6
60,60,8815729,60,2021-09-12,Kaggle,2021-11-04,5
61,61,62831752,61,2021-08-21,Leadership,2021-09-27,2
62,62,1282910,62,2021-08-28,Management,2021-09-14,4
63,63,35191368,63,2021-08-01,Consulting,2021-09-21,1
64,64,22912976,64,2021-09-16,Management,2021-09-29,6
65,65,53199749,65,2021-08-10,Data Science,2021-09-12,3
66,66,72366335,66,2021-09-23,Analytics,2021-10-04,5
67,67,90915327,67,2021-09-27,Analytics,2021-09-29,5
68,68,63880083,68,2021-09-16,Random Forest,2021-10-02,4
69,69,99179309,69,2021-09-23,Deep Learning,2021-10-11,4
70,70,96405917,70,2021-09-14,Artificial Intelligence,2021-10-16,1
71,71,62999070,71,2021-09-02,Consulting,2021-10-21,6
72,72,23337318,72,2021-09-10,AI,2021-09-22,6
73,73,48381148,73,2021-08-18,Deep Learning,2021-08-23,5
74,74,17758973,74,2021-09-25,Finance,2021-09-28,4
75,75,99195777,75,2021-09-18,Business,2021-10-08,1
76,76,44449992,76,2021-08-26,Administration,2021-09-14,1
77,77,75165015,77,2021-09-14,Administration,2021-10-03,4
78,78,4412985,78,2021-08-27,Neural Networks,2021-09-28,4
79,79,13472760,79,2021-09-11,AI,2021-11-01,1
80,80,19317697,80,2021-09-24,Finance,2021-11-02,6
81,81,25636234,81,2021-08-21,Administration,2021-10-03,2
82,82,35204753,82,2021-09-06,Random Forest,2021-09-27,1
83,83,27192985,83,2021-09-06,Neural Networks,2021-10-19,3
84,84,43426858,84,2021-08-04,Management,2021-09-11,1
85,85,42035731,85,2021-08-06,Kaggle,2021-09-13,2
86,86,10862083,86,2021-08-22,Finance,2021-08-31,4
87,87,6260877,87,2021-08-14,Leadership,2021-09-24,1
88,88,35506144,88,2021-09-26,Machine Learning,2021-11-11,1
89,89,8878890,89,2021-09-23,Leadership,2021-09-26,1
90,90,43320031,90,2021-08-29,Kaggle,2021-09-23,2
91,91,856121,91,2021-09-24,Consulting,2021-11-08,3
92,92,53580101,92,2021-08-01,Pattern Recognition,2021-09-17,6
93,93,7348399,93,2021-08-17,Analytics,2021-08-18,1
94,94,69420591,94,2021-09-26,Administration,2021-10-31,5
95,95,40420726,95,2021-08-20,Analytics,2021-10-01,1
96,96,98534817,96,2021-08-14,AI,2021-08-23,4
97,97,26254001,97,2021-08-16,Deep Learning,2021-09-16,6
98,98,47251074,98,2021-08-06,Pattern Recognition,2021-09-04,5
99,99,75081494,99,2021-09-22,Machine Learning,2021-09-26,6
100,100,33483054,100,2021-08-24,Random Forest,2021-09-18,3
101,101,34836702,101,2021-08-10,Finance,2021-09-15,2
102,102,63912793,102,2021-09-06,AI,2021-09-20,3
103,103,96968607,103,2021-08-02,Deep Learning,2021-09-20,4
104,104,88388013,104,2021-09-01,Analytics,2021-10-03,5
105,105,41903781,105,2021-09-20,Administration,2021-10-29,4
106,106,71771790,106,2021-08-17,Reinforcement Learning,2021-09-03,1
107,107,67905195,107,2021-09-04,Finance,2021-09-19,5
108,108,37210961,108,2021-09-04,Finance,2021-10-29,6
109,109,23496343,109,2021-08-27,Machine Learning,2021-10-21,2
110,110,7837647,110,2021-08-01,Machine Learning,2021-09-02,3
111,111,87890893,111,2021-08-29,Data Visualization,2021-09-12,6
112,112,5715921,112,2021-08-18,Data Science,2021-10-16,6
113,113,51869612,113,2021-09-27,Feature Engineering,2021-10-04,5
114,114,53753637,114,2021-07-30,Machine Learning,2021-09-18,6
115,115,14613923,115,2021-09-22,Leadership,2021-10-02,5
116,116,65593171,116,2021-08-17,Leadership,2021-09-30,5
117,117,91582319,117,2021-08-30,Deep Learning,2021-09-20,1
118,118,77613296,118,2021-09-03,Neural Networks,2021-10-02,1
119,119,38925926,119,2021-08-22,Pattern Recognition,2021-09-04,6
120,120,12646995,120,2021-08-28,Machine Learning,2021-09-10,2
121,121,97492956,121,2021-08-22,Consulting,2021-09-25,4
122,122,51710348,122,2021-09-26,Data Visualization,2021-10-27,2
123,123,62961762,123,2021-09-02,Neural Networks,2021-09-12,2
124,124,80227664,124,2021-08-25,Leadership,2021-10-04,5
125,125,38624616,125,2021-09-24,Machine Learning,2021-10-10,2
126,126,6205576,126,2021-09-26,Neural Networks,2021-11-18,5
127,127,13601579,127,2021-09-23,Analytics,2021-10-02,1
128,128,66844713,128,2021-09-09,Accounts,2021-10-30,3
129,129,34953968,129,2021-09-23,Random Forest,2021-11-01,1
130,130,87107720,130,2021-09-03,Administration,2021-10-25,5
131,131,74016450,131,2021-09-23,Random Forest,2021-10-26,3
132,132,98043914,132,2021-08-31,AI,2021-09-20,2
133,133,66883435,133,2021-08-04,Business,2021-09-22,1
134,134,30380577,134,2021-09-14,Random Forest,2021-11-09,2
135,135,79110915,135,2021-09-12,Artificial Intelligence,2021-11-09,3
136,136,2825803,136,2021-08-26,Data Science,2021-09-14,1
137,137,52159077,137,2021-08-25,Pattern Recognition,2021-10-01,6
138,138,87139466,138,2021-08-14,Data Science,2021-08-28,4
139,139,51471914,139,2021-09-15,Machine Learning,2021-11-08,3
140,140,13737149,140,2021-09-25,Finance,2021-11-19,1
141,141,50012251,141,2021-09-18,Feature Engineering,2021-10-28,2
142,142,54545774,142,2021-08-28,Finance,2021-09-29,5
143,143,36900054,143,2021-09-23,Business,2021-11-12,1
144,144,89343356,144,2021-09-25,AI,2021-09-30,4
145,145,34008085,145,2021-08-13,Pattern Recognition,2021-10-07,3
146,146,27175138,146,2021-07-30,Administration,2021-08-26,6
147,147,50630148,147,2021-09-22,Analytics,2021-09-26,1
148,148,20327205,148,2021-09-26,Machine Learning,2021-11-23,1
149,149,32205722,149,2021-08-13,Artificial Intelligence,2021-08-13,4
150,150,39817018,150,2021-09-14,Machine Learning,2021-10-12,1
151,151,93826248,151,2021-09-24,Data Science,2021-10-13,6
152,152,8036181,152,2021-09-23,Random Forest,2021-11-10,4
153,153,19709486,153,2021-08-13,Deep Learning,2021-10-11,5
154,154,19949934,154,2021-09-27,Deep Learning,2021-11-13,3
155,155,99526501,155,2021-09-03,Analytics,2021-10-30,6
156,156,89080870,156,2021-08-26,Neural Networks,2021-10-08,1
157,157,19416329,157,2021-08-15,Accounts,2021-08-30,1
158,158,56462449,158,2021-09-16,Feature Engineering,2021-09-21,2
159,159,8510002,159,2021-09-10,Artificial Intelligence,2021-09-16,1
160,160,31702820,160,2021-08-10,Accounts,2021-09-05,3
161,161,34114424,161,2021-08-10,Administration,2021-08-28,5
162,162,53768199,162,2021-08-19,Feature Engineering,2021-10-04,3
163,163,92937432,163,2021-08-25,Leadership,2021-09-01,6
164,164,80901943,164,2021-08-03,Consulting,2021-08-28,5
165,165,53418341,165,2021-08-04,Random Forest,2021-08-11,2
166,166,78608005,166,2021-09-25,Data Visualization,2021-10-19,6
167,167,48395903,167,2021-09-20,Artificial Intelligence,2021-11-08,6
168,168,73056032,168,2021-08-24,Data Visualization,2021-10-06,5
169,169,77695444,169,2021-08-17,Neural Networks,2021-10-06,2
170,170,25685173,170,2021-08-23,Data Visualization,2021-09-14,2
171,171,83277704,171,2021-08-13,Business,2021-09-14,2
172,172,57794417,172,2021-08-29,Deep Learning,2021-09-04,3
173,173,48611995,173,2021-09-19,Feature Engineering,2021-11-12,1
174,174,39581331,174,2021-08-05,Artificial Intelligence,2021-08-12,1
175,175,22414980,175,2021-09-21,Artificial Intelligence,2021-11-09,2
176,176,50125755,176,2021-08-01,Deep Learning,2021-08-26,5
177,177,12610622,177,2021-09-15,Accounts,2021-09-18,6
178,178,63478275,178,2021-09-02,Leadership,2021-10-14,2
179,179,89826825,179,2021-08-01,Finance,2021-09-25,5
180,180,79052602,180,2021-09-23,Administration,2021-11-09,4
181,181,60915778,181,2021-08-13,Accounts,2021-08-24,4
182,182,49447442,182,2021-08-15,Leadership,2021-09-01,5
183,183,69578217,183,2021-09-18,Machine Learning,2021-10-09,1
184,184,12231632,184,2021-08-13,Finance,2021-08-15,1
185,185,5243537,185,2021-08-18,Administration,2021-10-13,5
186,186,86164707,186,2021-09-22,Deep Learning,2021-10-03,5
187,187,36184107,187,2021-08-09,Data Visualization,2021-09-23,2
188,188,66894729,188,2021-09-01,AI,2021-10-28,5
189,189,42076166,189,2021-09-23,Leadership,2021-11-07,1
190,190,35867055,190,2021-08-01,Neural Networks,2021-08-18,2
191,191,77028596,191,2021-08-28,Management,2021-09-16,4
192,192,34303328,192,2021-08-25,Analytics,2021-09-12,6
193,193,75371395,193,2021-08-07,Consulting,2021-09-20,5
194,194,82047812,194,2021-08-11,Reinforcement Learning,2021-09-18,1
195,195,18067605,195,2021-09-25,Reinforcement Learning,2021-11-18,6
196,196,97723044,196,2021-08-11,Administration,2021-09-02,4
197,197,6244218,197,2021-08-14,Pattern Recognition,2021-10-04,2
198,198,41472735,198,2021-09-17,Analytics,2021-10-30,4
199,199,50047479,199,2021-08-23,Data Visualization,2021-10-07,6
200,200,82935773,200,2021-08-19,Leadership,2021-10-14,1
201,201,17487867,201,2021-08-16,Finance,2021-09-10,1
202,202,55903046,202,2021-09-19,AI,2021-09-24,6
203,203,36851719,203,2021-09-04,Administration,2021-10-06,4
204,204,92168284,204,2021-09-04,Management,2021-10-09,4
205,205,12232679,205,2021-09-21,Feature Engineering,2021-10-10,5
206,206,26541606,206,2021-08-30,Accounts,2021-10-26,5
207,207,81980258,207,2021-09-13,AI,2021-11-01,2
208,208,32223401,208,2021-09-04,Kaggle,2021-09-17,2
209,209,94422105,209,2021-09-17,Administration,2021-11-10,4
210,210,5160391,210,2021-08-11,Leadership,2021-09-13,3
211,211,38841815,211,2021-08-27,Leadership,2021-09-26,3
212,212,10746590,212,2021-08-21,Kaggle,2021-08-26,6
213,213,57353032,213,2021-08-14,Leadership,2021-09-25,1
214,214,96312457,214,2021-09-26,AI,2021-10-26,3
215,215,32469513,215,2021-08-05,AI,2021-09-30,6
216,216,64683583,216,2021-09-17,Neural Networks,2021-11-01,3
217,217,26591431,217,2021-09-11,Reinforcement Learning,2021-10-27,3
218,218,43922166,218,2021-08-27,Pattern Recognition,2021-10-17,1
219,219,57152110,219,2021-08-10,Kaggle,2021-08-24,5
220,220,24841330,220,2021-08-14,Analytics,2021-08-22,5
221,221,69046826,221,2021-08-31,Consulting,2021-09-27,1
222,222,50099581,222,2021-08-11,Business,2021-09-26,4
223,223,90546319,223,2021-08-10,Pattern Recognition,2021-09-27,4
224,224,27502127,224,2021-08-08,Accounts,2021-09-18,1
225,225,95485463,225,2021-09-05,Analytics,2021-09-17,6
226,226,18220583,226,2021-08-17,Consulting,2021-10-15,6
227,227,1991222,227,2021-09-26,Artificial Intelligence,2021-11-05,6
228,228,66020466,228,2021-09-06,Artificial Intelligence,2021-11-03,4
229,229,73376251,229,2021-08-01,Analytics,2021-08-29,5
230,230,47732175,230,2021-09-08,Pattern Recognition,2021-10-18,5
231,231,4276007,231,2021-08-09,Business,2021-08-22,1
232,232,99813422,232,2021-08-12,Artificial Intelligence,2021-10-02,1
233,233,14155175,233,2021-08-09,Deep Learning,2021-10-04,3
234,234,87046725,234,2021-09-20,Reinforcement Learning,2021-09-21,3
235,235,89153262,235,2021-09-19,Accounts,2021-10-19,3
236,236,22085700,236,2021-08-16,Accounts,2021-09-17,4
237,237,86393901,237,2021-09-22,Consulting,2021-11-05,4
238,238,46340632,238,2021-08-29,Analytics,2021-10-05,4
239,239,89958252,239,2021-09-18,Consulting,2021-11-07,2
240,240,88752340,240,2021-08-18,Analytics,2021-09-18,2
241,241,77429744,241,2021-08-02,Data Science,2021-08-09,3
242,242,28871024,242,2021-09-03,Accounts,2021-09-25,2
243,243,58010482,243,2021-08-30,Random Forest,2021-08-31,4
244,244,98131355,244,2021-07-30,Artificial Intelligence,2021-09-27,1
245,245,32062336,245,2021-09-21,Pattern Recognition,2021-09-23,2
246,246,38650087,246,2021-08-17,Neural Networks,2021-10-04,3
247,247,68798930,247,2021-08-23,Accounts,2021-09-03,2
248,248,6263564,248,2021-08-03,Leadership,2021-09-28,2
249,249,25336194,249,2021-08-19,Neural Networks,2021-08-23,2
250,250,16802037,250,2021-09-16,Reinforcement Learning,2021-11-11,5
251,251,41605671,251,2021-09-17,Leadership,2021-09-24,4
252,252,42497647,252,2021-08-18,Management,2021-09-16,2
253,253,60705854,253,2021-09-24,Administration,2021-11-14,4
254,254,49680968,254,2021-09-13,Kaggle,2021-11-07,3
255,255,16476953,255,2021-08-05,Analytics,2021-08-10,1
256,256,4662107,256,2021-09-16,Neural Networks,2021-09-30,3
257,257,52477219,257,2021-09-22,Feature Engineering,2021-09-27,2
258,258,76385668,258,2021-08-19,Administration,2021-08-19,3
259,259,92689390,259,2021-09-02,Reinforcement Learning,2021-09-05,3
260,260,83963832,260,2021-08-29,Business,2021-09-14,4
261,261,30275280,261,2021-08-26,Leadership,2021-10-07,5
262,262,86567324,262,2021-09-27,Reinforcement Learning,2021-10-02,2
263,263,46739154,263,2021-08-02,Reinforcement Learning,2021-08-08,6
264,264,28244702,264,2021-08-30,Reinforcement Learning,2021-09-22,1
265,265,9215872,265,2021-09-11,Kaggle,2021-10-26,5
266,266,44271241,266,2021-09-26,Random Forest,2021-10-03,4
267,267,54496135,267,2021-09-19,Neural Networks,2021-10-12,2
268,268,27929936,268,2021-08-09,Leadership,2021-09-30,3
269,269,19529882,269,2021-08-27,Leadership,2021-10-16,5
270,270,94089046,270,2021-08-14,Kaggle,2021-08-15,3
271,271,6777491,271,2021-08-09,Artificial Intelligence,2021-09-28,3
272,272,93939225,272,2021-09-18,Pattern Recognition,2021-11-03,6
273,273,40641295,273,2021-08-17,Accounts,2021-09-24,6
274,274,79151779,274,2021-09-26,Accounts,2021-10-10,4
275,275,11094804,275,2021-09-07,Data Visualization,2021-09-18,2
276,276,57000764,276,2021-08-23,Machine Learning,2021-10-10,2
277,277,76169622,277,2021-08-03,Machine Learning,2021-08-30,4
278,278,43601172,278,2021-09-19,AI,2021-10-02,6
279,279,35646624,279,2021-08-31,Artificial Intelligence,2021-09-15,4
280,280,49321881,280,2021-08-16,Business,2021-09-15,2
281,281,19445991,281,2021-08-12,Administration,2021-09-04,3
282,282,21163005,282,2021-08-15,Accounts,2021-09-26,6
283,283,24131152,283,2021-08-20,Data Science,2021-09-05,5
284,284,3755665,284,2021-08-04,Reinforcement Learning,2021-09-27,3
285,285,91002413,285,2021-07-31,Random Forest,2021-09-24,6
286,286,7343992,286,2021-09-19,Finance,2021-09-21,1
287,287,92713812,287,2021-09-08,Neural Networks,2021-09-16,4
288,288,1095613,288,2021-08-26,Neural Networks,2021-09-26,6
289,289,65621344,289,2021-08-11,Management,2021-09-08,4
290,290,54692763,290,2021-08-15,Feature Engineering,2021-09-13,6
291,291,4184170,291,2021-09-07,Accounts,2021-09-27,5
292,292,94146677,292,2021-08-06,Finance,2021-09-14,5
293,293,73076926,293,2021-09-02,Kaggle,2021-10-06,1
294,294,87913119,294,2021-08-09,Business,2021-09-23,5
295,295,43566383,295,2021-08-07,Deep Learning,2021-09-24,3
296,296,29138316,296,2021-08-08,Data Visualization,2021-08-13,1
297,297,18592795,297,2021-08-01,Leadership,2021-08-30,3
298,298,11271949,298,2021-08-26,Analytics,2021-09-02,6
299,299,67094985,299,2021-08-27,Business,2021-09-09,2
300,300,82179679,300,2021-09-17,Machine Learning,2021-11-13,4
301,301,21201111,301,2021-08-03,Leadership,2021-09-18,2
302,302,2596629,302,2021-08-07,Artificial Intelligence,2021-09-21,6
303,303,36153281,303,2021-08-04,Reinforcement Learning,2021-09-12,1
304,304,15287467,304,2021-08-29,Artificial Intelligence,2021-09-24,2
305,305,22493397,305,2021-09-01,Management,2021-10-21,3
306,306,22204968,306,2021-08-20,Feature Engineering,2021-09-10,1
307,307,66242141,307,2021-08-06,Management,2021-09-01,2
308,308,43460320,308,2021-08-07,AI,2021-08-29,5
309,309,56048546,309,2021-09-16,Neural Networks,2021-10-24,3
310,310,39008682,310,2021-09-13,Machine Learning,2021-10-31,2
311,311,98367083,311,2021-09-01,Finance,2021-09-28,4
312,312,49693337,312,2021-08-02,Data Science,2021-09-09,2
313,313,4259460,313,2021-09-02,Artificial Intelligence,2021-10-06,6
314,314,13922265,314,2021-08-27,Deep Learning,2021-10-20,1
315,315,73122085,315,2021-08-24,Leadership,2021-09-30,6
316,316,91262742,316,2021-08-22,Kaggle,2021-09-08,3
317,317,12597879,317,2021-09-05,Data Visualization,2021-09-19,5
318,318,46010439,318,2021-09-17,Management,2021-10-17,5
319,319,86215086,319,2021-08-23,Deep Learning,2021-09-27,4
320,320,55180021,320,2021-09-17,Kaggle,2021-10-27,5
321,321,1742256,321,2021-08-21,Data Visualization,2021-09-06,5
322,322,52087226,322,2021-09-15,Business,2021-10-02,6
323,323,28875658,323,2021-09-25,Feature Engineering,2021-10-29,4
324,324,21337344,324,2021-09-01,Deep Learning,2021-10-16,3
325,325,93661766,325,2021-09-25,Business,2021-10-15,1
326,326,10572694,326,2021-09-06,Finance,2021-09-17,1
327,327,82970048,327,2021-09-21,Feature Engineering,2021-10-02,1
328,328,75300974,328,2021-08-06,Accounts,2021-08-24,3
329,329,59282317,329,2021-08-14,Random Forest,2021-09-13,2
330,330,32486423,330,2021-08-20,Leadership,2021-09-22,4
331,331,8277047,331,2021-09-15,Consulting,2021-10-22,6
332,332,66874515,332,2021-08-04,Analytics,2021-09-25,4
333,333,95922574,333,2021-09-19,Leadership,2021-11-03,5
334,334,17979665,334,2021-09-19,Machine Learning,2021-10-03,5
335,335,12614697,335,2021-09-09,Artificial Intelligence,2021-09-19,4
336,336,47516416,336,2021-08-02,Management,2021-08-23,1
337,337,85135722,337,2021-08-31,Kaggle,2021-09-02,1
338,338,531529,338,2021-09-10,Random Forest,2021-10-22,6
339,339,78883369,339,2021-08-02,Pattern Recognition,2021-09-20,4
340,340,8630661,340,2021-08-29,AI,2021-09-13,2
341,341,3229110,341,2021-08-07,Reinforcement Learning,2021-08-24,4
342,342,14640918,342,2021-08-30,AI,2021-08-31,3
343,343,45760630,343,2021-09-15,Machine Learning,2021-10-17,4
344,344,93696003,344,2021-08-26,AI,2021-10-02,5
345,345,66130563,345,2021-08-09,Random Forest,2021-10-02,5
346,346,5962546,346,2021-08-17,Management,2021-10-06,1
347,347,15169746,347,2021-09-07,Business,2021-10-24,4
348,348,46133459,348,2021-08-24,Machine Learning,2021-08-28,6
349,349,9028735,349,2021-09-01,Administration,2021-10-11,6
350,350,66834960,350,2021-09-05,Reinforcement Learning,2021-10-18,6
351,351,35893291,351,2021-09-03,Artificial Intelligence,2021-10-29,4
352,352,95607692,352,2021-09-16,Analytics,2021-10-17,5
353,353,81970053,353,2021-08-06,Finance,2021-08-16,3
354,354,81690722,354,2021-09-08,Analytics,2021-10-10,5
355,355,23513303,355,2021-09-13,Leadership,2021-10-03,3
356,356,43130085,356,2021-08-22,Finance,2021-10-11,6
357,357,67158600,357,2021-08-12,Management,2021-08-29,6
358,358,8940306,358,2021-09-11,Deep Learning,2021-09-26,4
359,359,954146,359,2021-09-02,Administration,2021-09-05,4
360,360,32738193,360,2021-09-07,Consulting,2021-10-09,1
361,361,40071157,361,2021-08-05,Neural Networks,2021-08-29,5
362,362,78689232,362,2021-09-04,Kaggle,2021-10-10,3
363,363,81465219,363,2021-08-22,Machine Learning,2021-08-26,3
364,364,5795513,364,2021-08-01,Management,2021-09-23,6
365,365,6460294,365,2021-08-27,Feature Engineering,2021-09-02,5
366,366,92477762,366,2021-08-27,Random Forest,2021-09-10,5
367,367,28806797,367,2021-09-16,Data Visualization,2021-11-01,4
368,368,12511441,368,2021-09-07,Data Visualization,2021-10-13,2
369,369,79262371,369,2021-08-14,Pattern Recognition,2021-10-06,5
370,370,78498801,370,2021-09-25,Management,2021-10-20,2
371,371,60469359,371,2021-09-14,Machine Learning,2021-10-11,1
372,372,76742066,372,2021-08-24,Data Science,2021-09-25,5
373,373,85959775,373,2021-08-14,Feature Engineering,2021-09-19,5
374,374,85313549,374,2021-08-07,Random Forest,2021-10-04,3
375,375,26326257,375,2021-08-15,Administration,2021-10-11,3
376,376,42087203,376,2021-09-14,Feature Engineering,2021-09-25,3
377,377,98444513,377,2021-09-10,Accounts,2021-11-03,6
378,378,36774486,378,2021-09-15,Neural Networks,2021-09-24,5
379,379,62608862,379,2021-09-10,Machine Learning,2021-09-10,3
380,380,84650314,380,2021-07-30,Random Forest,2021-08-23,4
381,381,87681066,381,2021-09-19,Finance,2021-09-26,6
382,382,60265377,382,2021-09-18,Analytics,2021-11-13,1
383,383,34985529,383,2021-08-22,Pattern Recognition,2021-10-17,4
384,384,69023195,384,2021-08-13,Administration,2021-10-01,5
385,385,328653,385,2021-09-03,Random Forest,2021-10-06,3
386,386,35054237,386,2021-09-22,Artificial Intelligence,2021-10-02,1
387,387,75885161,387,2021-08-02,Data Science,2021-09-04,4
388,388,64660404,388,2021-09-19,Deep Learning,2021-10-12,2
389,389,7988492,389,2021-09-18,Finance,2021-10-27,3
390,390,71961932,390,2021-07-30,AI,2021-09-23,4
391,391,61000944,391,2021-09-20,Machine Learning,2021-09-28,4
392,392,44471820,392,2021-08-11,Deep Learning,2021-08-17,1
393,393,10461821,393,2021-09-02,Random Forest,2021-10-30,5
394,394,59632983,394,2021-09-11,Machine Learning,2021-10-23,4
395,395,74557638,395,2021-08-22,Data Visualization,2021-08-31,1
396,396,19872545,396,2021-08-17,Kaggle,2021-09-16,3
397,397,63490555,397,2021-08-13,Reinforcement Learning,2021-09-02,6
398,398,7060848,398,2021-08-02,Accounts,2021-08-18,1
399,399,20534253,399,2021-08-07,Management,2021-08-20,2
400,400,35826716,400,2021-09-20,Management,2021-10-09,5
401,401,77802059,401,2021-08-25,Consulting,2021-10-08,4
402,402,28329957,402,2021-09-20,Pattern Recognition,2021-11-06,4
403,403,89031609,403,2021-09-20,Pattern Recognition,2021-09-20,4
404,404,98309792,404,2021-08-16,Leadership,2021-09-13,4
405,405,16335569,405,2021-09-10,Data Science,2021-11-07,1
406,406,2671482,406,2021-09-05,Artificial Intelligence,2021-09-24,5
407,407,72872069,407,2021-09-22,Leadership,2021-09-28,5
408,408,76437251,408,2021-08-29,Accounts,2021-10-08,2
409,409,90092224,409,2021-09-07,Artificial Intelligence,2021-10-15,1
410,410,67246595,410,2021-09-16,AI,2021-11-05,2
411,411,78009977,411,2021-08-31,Machine Learning,2021-09-25,2
412,412,36552009,412,2021-08-05,Deep Learning,2021-09-09,5
413,413,10081332,413,2021-08-11,Machine Learning,2021-09-08,4
414,414,99991334,414,2021-08-01,Leadership,2021-09-04,4
415,415,60469327,415,2021-09-08,Consulting,2021-09-25,4
416,416,27045033,416,2021-08-01,AI,2021-08-31,4
417,417,89276309,417,2021-08-07,AI,2021-08-15,6
418,418,7359212,418,2021-08-07,Management,2021-08-15,4
419,419,5678103,419,2021-08-24,Deep Learning,2021-09-19,4
420,420,25485106,420,2021-09-22,Artificial Intelligence,2021-09-24,4
421,421,13009117,421,2021-09-18,Finance,2021-11-08,5
422,422,41074767,422,2021-09-06,Kaggle,2021-09-25,6
423,423,62107826,423,2021-08-15,Data Visualization,2021-08-26,1
424,424,51941951,424,2021-08-27,AI,2021-10-19,1
425,425,55371661,425,2021-08-10,Administration,2021-09-20,3
426,426,11937801,426,2021-09-04,Leadership,2021-09-06,5
427,427,53493470,427,2021-09-11,Deep Learning,2021-10-03,5
428,428,97516117,428,2021-09-06,Data Visualization,2021-10-19,2
429,429,32978934,429,2021-08-29,Artificial Intelligence,2021-09-26,2
430,430,79924741,430,2021-08-18,Data Science,2021-10-05,2
431,431,63798599,431,2021-09-12,Accounts,2021-09-23,3
432,432,76205948,432,2021-09-11,Administration,2021-11-06,4
433,433,65794747,433,2021-09-25,Random Forest,2021-09-27,6
434,434,43950779,434,2021-08-24,Consulting,2021-10-03,4
435,435,23497705,435,2021-09-13,Pattern Recognition,2021-10-13,3
436,436,9356901,436,2021-09-27,Consulting,2021-10-26,5
437,437,11324530,437,2021-09-24,Administration,2021-10-27,3
438,438,10092621,438,2021-08-04,Business,2021-08-06,6
439,439,76734993,439,2021-09-27,Management,2021-10-24,4
440,440,83731331,440,2021-08-27,AI,2021-09-27,1
441,441,81761685,441,2021-09-08,Kaggle,2021-10-05,6
442,442,88479716,442,2021-08-24,Business,2021-10-13,6
443,443,35876851,443,2021-08-09,Feature Engineering,2021-09-24,3
444,444,67408812,444,2021-08-15,Data Visualization,2021-09-18,6
445,445,82027995,445,2021-08-11,Random Forest,2021-09-23,4
446,446,13230423,446,2021-08-05,Deep Learning,2021-08-14,1
447,447,34839,447,2021-09-09,Data Science,2021-10-30,1
448,448,20965584,448,2021-09-18,Management,2021-10-10,3
449,449,91576384,449,2021-08-27,Artificial Intelligence,2021-09-12,4
450,450,80767254,450,2021-08-17,Analytics,2021-09-06,5
451,451,12964234,451,2021-07-30,Data Science,2021-09-14,6
452,452,84717406,452,2021-08-15,Data Science,2021-08-31,4
453,453,17465173,453,2021-08-22,Feature Engineering,2021-09-04,4
454,454,26668189,454,2021-08-27,Data Visualization,2021-10-09,1
455,455,16814803,455,2021-09-20,Random Forest,2021-11-11,2
456,456,88393965,456,2021-09-15,Management,2021-09-30,5
457,457,82806758,457,2021-08-03,Analytics,2021-09-07,3
458,458,6491853,458,2021-09-17,Accounts,2021-09-28,1
459,459,2382736,459,2021-08-08,Neural Networks,2021-08-24,4
460,460,79123370,460,2021-08-26,Finance,2021-09-06,5
461,461,39368867,461,2021-08-28,Pattern Recognition,2021-09-05,6
462,462,56842278,462,2021-08-14,Analytics,2021-09-13,5
463,463,63810977,463,2021-09-04,Machine Learning,2021-09-13,3
464,464,54359733,464,2021-08-06,Pattern Recognition,2021-09-02,5
465,465,18799539,465,2021-09-24,Data Visualization,2021-10-04,4
466,466,31033247,466,2021-09-04,Administration,2021-09-29,5
467,467,59744642,467,2021-07-31,Consulting,2021-09-21,3
468,468,78428631,468,2021-08-16,Machine Learning,2021-09-21,2
469,469,33821809,469,2021-09-26,Administration,2021-10-08,6
470,470,2266084,470,2021-08-24,AI,2021-09-11,3
471,471,14526651,471,2021-09-12,Administration,2021-09-20,2
472,472,28488500,472,2021-09-27,Administration,2021-10-18,2
473,473,96117340,473,2021-08-15,Neural Networks,2021-09-10,5
474,474,42697587,474,2021-09-08,Random Forest,2021-10-16,1
475,475,49749399,475,2021-09-15,Artificial Intelligence,2021-10-05,2
476,476,42272207,476,2021-08-16,Neural Networks,2021-08-20,3
477,477,86610146,477,2021-08-11,Pattern Recognition,2021-09-17,1
478,478,80063508,478,2021-08-08,Neural Networks,2021-08-10,6
479,479,15395734,479,2021-09-14,Leadership,2021-11-06,2
480,480,66607319,480,2021-08-07,Business,2021-09-21,2
481,481,54987967,481,2021-08-27,Deep Learning,2021-08-27,1
482,482,89751389,482,2021-08-12,AI,2021-08-24,4
483,483,6273097,483,2021-08-31,Management,2021-09-13,3
484,484,57829043,484,2021-08-27,Artificial Intelligence,2021-10-13,5
485,485,18981954,485,2021-09-03,Neural Networks,2021-10-17,6
486,486,56934401,486,2021-08-17,Administration,2021-09-19,2
487,487,81717448,487,2021-08-29,Kaggle,2021-09-17,3
488,488,43402704,488,2021-08-09,Analytics,2021-08-18,2
489,489,53479871,489,2021-08-08,Leadership,2021-09-30,1
490,490,36512757,490,2021-08-04,Reinforcement Learning,2021-09-28,2
491,491,94483476,491,2021-08-13,Kaggle,2021-09-23,4
492,492,86241007,492,2021-09-21,Management,2021-10-27,4
493,493,8969085,493,2021-09-18,Artificial Intelligence,2021-10-05,6
494,494,4273173,494,2021-09-25,Consulting,2021-11-05,2
495,495,53493320,495,2021-09-22,Accounts,2021-11-20,1
496,496,31145885,496,2021-08-26,Data Visualization,2021-10-24,6
497,497,3123528,497,2021-08-10,Leadership,2021-09-02,2
498,498,67520734,498,2021-08-27,Reinforcement Learning,2021-10-14,3
499,499,15618528,499,2021-08-08,Kaggle,2021-09-03,5
500,500,64382370,500,2021-08-23,Analytics,2021-08-28,5
501,501,9861158,501,2021-09-22,Accounts,2021-10-19,3
502,502,71392561,502,2021-09-11,Accounts,2021-11-02,5
503,503,83745026,503,2021-08-31,Administration,2021-09-18,6
504,504,79717223,504,2021-09-15,Pattern Recognition,2021-11-05,1
505,505,88295228,505,2021-08-09,Data Science,2021-08-24,6
506,506,61526482,506,2021-09-18,Machine Learning,2021-09-18,1
507,507,33375876,507,2021-09-15,Deep Learning,2021-10-01,5
508,508,18244040,508,2021-08-13,AI,2021-10-11,4
509,509,65785254,509,2021-09-27,Data Visualization,2021-10-14,5
510,510,97426082,510,2021-09-24,Finance,2021-10-15,3
511,511,65807625,511,2021-08-30,Pattern Recognition,2021-10-10,4
512,512,10393266,512,2021-09-09,Administration,2021-09-09,6
513,513,4350520,513,2021-08-22,Data Visualization,2021-09-12,1
514,514,15223660,514,2021-09-12,AI,2021-10-02,1
515,515,80289429,515,2021-08-17,Finance,2021-10-12,2
516,516,13593859,516,2021-09-05,Data Visualization,2021-10-11,1
517,517,70592500,517,2021-08-04,Analytics,2021-08-06,1
518,518,58372940,518,2021-08-04,Accounts,2021-08-22,6
519,519,36479084,519,2021-08-19,Deep Learning,2021-10-11,2
520,520,42080160,520,2021-07-30,Data Visualization,2021-08-31,6
521,521,26319375,521,2021-08-28,Reinforcement Learning,2021-10-12,6
522,522,41097441,522,2021-09-16,Data Visualization,2021-10-12,5
523,523,18402860,523,2021-08-31,Random Forest,2021-09-26,5
524,524,52913985,524,2021-09-02,Feature Engineering,2021-09-18,5
525,525,66081784,525,2021-09-16,Administration,2021-11-05,4
526,526,54974284,526,2021-08-10,Administration,2021-09-11,6
527,527,99132729,527,2021-08-11,Data Science,2021-10-04,3
528,528,92503867,528,2021-09-02,Management,2021-09-04,5
529,529,89028101,529,2021-09-06,AI,2021-09-11,2
530,530,60390724,530,2021-09-05,Data Science,2021-09-16,2
531,531,14402590,531,2021-08-26,Random Forest,2021-08-26,3
532,532,75889161,532,2021-08-09,Kaggle,2021-09-06,1
533,533,94353647,533,2021-08-13,Finance,2021-10-04,2
534,534,60062176,534,2021-08-12,Deep Learning,2021-09-26,2
535,535,45404630,535,2021-09-04,Finance,2021-10-27,6
536,536,65524617,536,2021-08-29,Leadership,2021-09-06,1
537,537,62692101,537,2021-08-17,Artificial Intelligence,2021-10-13,2
538,538,82767776,538,2021-09-01,Machine Learning,2021-10-28,6
539,539,47940065,539,2021-09-01,Pattern Recognition,2021-10-21,3
540,540,37166362,540,2021-08-31,Leadership,2021-10-16,1
541,541,80800157,541,2021-09-04,Accounts,2021-09-24,1
542,542,46539900,542,2021-09-23,Data Science,2021-10-23,1
543,543,64789042,543,2021-08-12,Management,2021-08-26,5
544,544,28421661,544,2021-09-26,Feature Engineering,2021-10-28,2
545,545,53850513,545,2021-09-06,Machine Learning,2021-10-17,6
546,546,56267419,546,2021-07-31,Pattern Recognition,2021-07-31,3
547,547,58650099,547,2021-08-15,Data Visualization,2021-08-18,2
548,548,78609649,548,2021-08-06,Artificial Intelligence,2021-08-16,5
549,549,33862462,549,2021-09-20,Reinforcement Learning,2021-09-27,6
550,550,16918262,550,2021-09-20,Machine Learning,2021-09-21,2
551,551,37489401,551,2021-09-01,Random Forest,2021-09-08,3
552,552,58592762,552,2021-09-08,Accounts,2021-10-23,1
553,553,49082971,553,2021-08-22,Neural Networks,2021-09-06,6
554,554,37245172,554,2021-08-23,Feature Engineering,2021-08-31,5
555,555,42137498,555,2021-08-08,Reinforcement Learning,2021-09-03,4
556,556,17720228,556,2021-07-31,Reinforcement Learning,2021-08-18,6
557,557,10472112,557,2021-09-02,Feature Engineering,2021-10-11,3
558,558,65730787,558,2021-08-07,Accounts,2021-09-21,5
559,559,7283738,559,2021-09-13,Pattern Recognition,2021-09-19,4
560,560,57381783,560,2021-08-08,Neural Networks,2021-08-16,2
561,561,97530117,561,2021-08-12,Business,2021-09-14,2
562,562,50648027,562,2021-09-21,AI,2021-10-12,1
563,563,71281534,563,2021-09-16,Machine Learning,2021-09-16,5
564,564,76353821,564,2021-08-25,Reinforcement Learning,2021-10-15,2
565,565,48811111,565,2021-08-06,Pattern Recognition,2021-09-06,4
566,566,52568264,566,2021-09-18,Neural Networks,2021-10-19,6
567,567,23172921,567,2021-08-19,Pattern Recognition,2021-09-19,2
568,568,62713615,568,2021-09-18,Kaggle,2021-10-24,4
569,569,52521634,569,2021-08-20,Neural Networks,2021-08-25,3
570,570,33524798,570,2021-08-29,Artificial Intelligence,2021-10-23,5
571,571,93777706,571,2021-09-21,Administration,2021-10-30,1
572,572,63162941,572,2021-08-03,Administration,2021-08-04,4
573,573,41625846,573,2021-09-13,Pattern Recognition,2021-10-22,4
574,574,90263803,574,2021-08-31,Neural Networks,2021-09-01,1
575,575,76342873,575,2021-08-21,Pattern Recognition,2021-09-08,6
576,576,97008586,576,2021-08-30,Data Science,2021-09-05,2
577,577,33784264,577,2021-08-02,Artificial Intelligence,2021-09-02,2
578,578,48088838,578,2021-08-03,Feature Engineering,2021-09-22,2
579,579,23527798,579,2021-09-07,Administration,2021-09-09,1
580,580,72879584,580,2021-07-31,AI,2021-09-21,4
581,581,84063147,581,2021-08-16,Deep Learning,2021-09-11,5
582,582,69085527,582,2021-09-10,Administration,2021-09-18,6
583,583,71117599,583,2021-09-08,Reinforcement Learning,2021-10-29,4
584,584,14371157,584,2021-09-14,Pattern Recognition,2021-10-09,2
585,585,93329437,585,2021-09-07,Machine Learning,2021-09-18,4
586,586,14030315,586,2021-08-17,Leadership,2021-10-09,4
587,587,80723706,587,2021-08-05,Analytics,2021-08-07,6
588,588,16724055,588,2021-08-06,Administration,2021-09-29,2
589,589,68589195,589,2021-09-24,Kaggle,2021-11-05,4
590,590,74435240,590,2021-09-16,Neural Networks,2021-10-29,4
591,591,17882787,591,2021-08-29,Consulting,2021-10-04,4
592,592,55816254,592,2021-09-05,Kaggle,2021-09-21,4
593,593,24902474,593,2021-09-15,Leadership,2021-10-20,6
594,594,95281347,594,2021-09-15,Data Science,2021-09-25,2
595,595,18264725,595,2021-08-14,Administration,2021-08-29,2
596,596,98295665,596,2021-08-09,Administration,2021-08-15,2
597,597,50013334,597,2021-09-20,Machine Learning,2021-11-06,2
598,598,524096,598,2021-08-23,Kaggle,2021-09-06,3
599,599,15576652,599,2021-08-22,Neural Networks,2021-10-09,1
600,600,35018207,600,2021-09-17,Reinforcement Learning,2021-11-02,1
601,601,67670003,601,2021-09-03,Data Science,2021-10-24,6
602,602,63845963,602,2021-09-05,Neural Networks,2021-09-10,3
603,603,22480338,603,2021-08-27,Accounts,2021-09-05,1
604,604,42687693,604,2021-08-08,Finance,2021-08-16,1
605,605,84865615,605,2021-07-30,Neural Networks,2021-09-04,4
606,606,47238122,606,2021-08-07,Feature Engineering,2021-09-07,3
607,607,31858009,607,2021-09-01,Deep Learning,2021-10-14,2
608,608,63786919,608,2021-09-07,Pattern Recognition,2021-10-25,2
609,609,86479030,609,2021-09-03,Leadership,2021-10-04,4
610,610,69721391,610,2021-08-31,Consulting,2021-10-05,6
611,611,98029890,611,2021-08-04,Deep Learning,2021-08-11,4
612,612,44341072,612,2021-08-28,Management,2021-10-21,5
613,613,1446781,613,2021-07-31,Leadership,2021-08-27,2
614,614,3800586,614,2021-09-11,Administration,2021-10-22,5
615,615,97181955,615,2021-08-17,Accounts,2021-09-19,5
616,616,36513754,616,2021-08-01,Data Visualization,2021-09-05,5
617,617,77831157,617,2021-09-13,Management,2021-10-29,5
618,618,97062549,618,2021-08-29,Leadership,2021-09-04,5
619,619,54824572,619,2021-08-06,Kaggle,2021-08-26,1
620,620,67336491,620,2021-09-25,Feature Engineering,2021-10-31,4
621,621,56207988,621,2021-08-20,Accounts,2021-10-11,4
622,622,72949048,622,2021-08-04,Management,2021-09-04,3
623,623,82217714,623,2021-09-20,Deep Learning,2021-11-15,6
624,624,69518781,624,2021-08-09,Artificial Intelligence,2021-08-19,1
625,625,66557341,625,2021-09-05,Artificial Intelligence,2021-09-28,1
626,626,3266126,626,2021-08-01,Reinforcement Learning,2021-09-14,3
627,627,12667067,627,2021-08-17,Data Visualization,2021-09-21,3
628,628,44878498,628,2021-08-07,Random Forest,2021-09-22,6
629,629,81569389,629,2021-09-21,Reinforcement Learning,2021-10-29,3
630,630,83646538,630,2021-09-24,AI,2021-11-15,5
631,631,42856728,631,2021-08-21,Leadership,2021-09-08,2
632,632,83792706,632,2021-07-30,Data Visualization,2021-08-11,2
633,633,34818897,633,2021-09-11,Finance,2021-10-31,5
634,634,64902709,634,2021-08-10,Finance,2021-08-21,1
635,635,12503445,635,2021-08-05,Business,2021-09-14,3
636,636,95448302,636,2021-08-19,AI,2021-09-14,3
637,637,35646051,637,2021-08-18,AI,2021-10-10,3
638,638,31076036,638,2021-08-04,Random Forest,2021-09-06,1
639,639,7149321,639,2021-08-01,Leadership,2021-09-12,5
640,640,20582678,640,2021-08-13,Data Visualization,2021-09-04,1
641,641,4690813,641,2021-08-15,Management,2021-10-11,2
642,642,55840595,642,2021-08-17,Neural Networks,2021-09-29,3
643,643,97677370,643,2021-08-18,Random Forest,2021-08-24,4
644,644,1005257,644,2021-08-05,Artificial Intelligence,2021-08-13,6
645,645,48606785,645,2021-09-02,Finance,2021-10-25,5
646,646,42043479,646,2021-08-14,Management,2021-10-04,5
647,647,70427497,647,2021-09-13,Consulting,2021-10-24,3
648,648,6411454,648,2021-09-14,Analytics,2021-09-24,3
649,649,18843579,649,2021-08-09,Accounts,2021-09-13,1
650,650,34909014,650,2021-09-11,Neural Networks,2021-10-30,5
651,651,32908969,651,2021-09-05,Pattern Recognition,2021-10-30,5
652,652,41469952,652,2021-08-21,Business,2021-10-02,4
653,653,48830245,653,2021-08-30,Data Visualization,2021-09-06,4
654,654,39591906,654,2021-08-31,Random Forest,2021-09-23,6
655,655,35907471,655,2021-09-21,Accounts,2021-10-20,3
656,656,93823110,656,2021-09-20,AI,2021-10-07,5
657,657,10251233,657,2021-08-29,Data Science,2021-09-16,6
658,658,25715958,658,2021-08-19,Reinforcement Learning,2021-08-30,1
659,659,69241609,659,2021-08-27,Reinforcement Learning,2021-10-12,6
660,660,36818879,660,2021-08-23,Neural Networks,2021-09-14,2
661,661,19002125,661,2021-09-25,Consulting,2021-11-23,1
662,662,86553341,662,2021-09-16,Neural Networks,2021-10-24,5
663,663,42225114,663,2021-09-16,Deep Learning,2021-11-04,5
664,664,64530674,664,2021-08-01,Artificial Intelligence,2021-08-29,2
665,665,92145733,665,2021-09-23,Neural Networks,2021-09-24,2
666,666,92909257,666,2021-08-25,Consulting,2021-10-11,1
667,667,43677082,667,2021-08-12,Neural Networks,2021-10-08,1
668,668,44737732,668,2021-09-13,Accounts,2021-11-02,1
669,669,4037564,669,2021-08-16,Analytics,2021-09-08,3
670,670,5154846,670,2021-09-23,Administration,2021-10-17,4
671,671,93618120,671,2021-09-08,AI,2021-09-21,5
672,672,94669185,672,2021-08-20,Administration,2021-10-03,6
673,673,39257884,673,2021-09-18,AI,2021-10-10,6
674,674,83320725,674,2021-09-27,Data Science,2021-11-06,4
675,675,73159000,675,2021-09-15,Accounts,2021-09-24,1
676,676,36778046,676,2021-08-18,Administration,2021-08-19,3
677,677,6310750,677,2021-09-11,Finance,2021-10-25,6
678,678,60569074,678,2021-08-26,Data Science,2021-10-07,3
679,679,12109308,679,2021-08-29,Data Science,2021-10-26,3
680,680,44439280,680,2021-08-31,Data Visualization,2021-10-06,6
681,681,50008724,681,2021-09-18,Management,2021-10-27,5
682,682,3296975,682,2021-08-07,Business,2021-08-21,1
683,683,20461934,683,2021-08-10,Accounts,2021-08-19,2
684,684,28700326,684,2021-09-19,Deep Learning,2021-10-17,4
685,685,70292802,685,2021-09-25,Artificial Intelligence,2021-10-24,2
686,686,15170678,686,2021-07-30,Pattern Recognition,2021-09-20,2
687,687,60496949,687,2021-09-14,Management,2021-10-19,3
688,688,36069866,688,2021-08-08,Artificial Intelligence,2021-09-03,4
689,689,53439310,689,2021-09-18,Analytics,2021-11-08,5
690,690,86566764,690,2021-08-31,Consulting,2021-09-25,4
691,691,61563390,691,2021-09-26,Management,2021-11-09,4
692,692,83837580,692,2021-08-29,Artificial Intelligence,2021-09-04,5
693,693,20798977,693,2021-09-14,Data Visualization,2021-10-22,3
694,694,24072287,694,2021-09-22,Consulting,2021-10-05,5
695,695,47586631,695,2021-08-30,Analytics,2021-10-18,4
696,696,22163730,696,2021-09-18,AI,2021-10-23,4
697,697,31215521,697,2021-09-09,Data Science,2021-11-01,4
698,698,77656087,698,2021-09-22,Machine Learning,2021-11-11,3
699,699,19688571,699,2021-09-05,Accounts,2021-10-02,6
700,700,48230849,700,2021-09-13,Kaggle,2021-10-10,4
701,701,33081895,701,2021-08-12,Business,2021-09-26,6
702,702,62644265,702,2021-08-22,Feature Engineering,2021-08-23,4
703,703,46324193,703,2021-09-02,Neural Networks,2021-10-23,3
704,704,91001869,704,2021-08-22,Reinforcement Learning,2021-08-25,5
705,705,43635772,705,2021-08-02,Finance,2021-08-03,3
706,706,91350357,706,2021-08-05,Consulting,2021-08-26,3
707,707,7932477,707,2021-09-04,AI,2021-09-06,3
708,708,39365326,708,2021-08-31,Business,2021-10-15,5
709,709,46598778,709,2021-08-21,Data Science,2021-10-07,2
710,710,9854378,710,2021-09-12,Consulting,2021-09-12,4
711,711,87154485,711,2021-08-05,Leadership,2021-08-11,2
712,712,84432221,712,2021-09-15,Accounts,2021-09-17,1
713,713,38276905,713,2021-08-27,Consulting,2021-10-05,2
714,714,56380095,714,2021-08-30,Leadership,2021-09-28,2
715,715,53039234,715,2021-09-27,Data Visualization,2021-10-18,4
716,716,23314840,716,2021-08-29,Reinforcement Learning,2021-09-20,2
717,717,5736173,717,2021-08-24,Finance,2021-09-05,5
718,718,69616268,718,2021-09-17,Data Science,2021-09-30,6
719,719,78994398,719,2021-09-14,Finance,2021-10-01,3
720,720,44414575,720,2021-08-09,Neural Networks,2021-09-26,6
721,721,60951408,721,2021-08-02,Administration,2021-09-13,3
722,722,60739766,722,2021-09-20,Reinforcement Learning,2021-09-20,2
723,723,77707600,723,2021-09-27,Artificial Intelligence,2021-10-24,4
724,724,17496828,724,2021-08-02,Business,2021-08-20,6
725,725,52027209,725,2021-09-17,Analytics,2021-10-11,1
726,726,90804140,726,2021-09-20,Artificial Intelligence,2021-10-13,3
727,727,41724327,727,2021-09-27,Deep Learning,2021-10-12,1
728,728,73649595,728,2021-08-12,Consulting,2021-08-27,4
729,729,8289678,729,2021-08-12,Artificial Intelligence,2021-09-12,6
730,730,38557867,730,2021-08-25,Data Visualization,2021-10-01,6
731,731,6317725,731,2021-08-14,Administration,2021-10-04,5
732,732,46578978,732,2021-08-13,Management,2021-09-24,3
733,733,63267337,733,2021-09-13,Finance,2021-10-02,4
734,734,13487202,734,2021-08-22,Business,2021-09-05,3
735,735,16823582,735,2021-08-08,Management,2021-09-06,4
736,736,69960485,736,2021-09-24,Neural Networks,2021-11-02,1
737,737,12835569,737,2021-08-12,Finance,2021-09-06,3
738,738,96465565,738,2021-08-17,Artificial Intelligence,2021-09-13,5
739,739,79838111,739,2021-08-18,Neural Networks,2021-08-27,4
740,740,41595299,740,2021-08-23,Kaggle,2021-08-29,2
741,741,16030916,741,2021-08-27,Analytics,2021-09-06,2
742,742,26822675,742,2021-09-03,Feature Engineering,2021-10-25,3
743,743,23200685,743,2021-08-20,Feature Engineering,2021-10-18,6
744,744,81648556,744,2021-08-15,Analytics,2021-09-27,6
745,745,29670345,745,2021-08-15,Artificial Intelligence,2021-09-25,2
746,746,58808131,746,2021-09-17,Leadership,2021-09-27,6
747,747,4918590,747,2021-08-02,Leadership,2021-09-20,5
748,748,86728340,748,2021-08-15,Pattern Recognition,2021-09-27,3
749,749,92945966,749,2021-09-19,Machine Learning,2021-10-29,3
750,750,76789086,750,2021-08-04,Feature Engineering,2021-08-08,4
751,751,61111270,751,2021-08-05,Data Visualization,2021-09-02,3
752,752,2574879,752,2021-08-18,Data Science,2021-10-04,3
753,753,15846193,753,2021-08-15,Artificial Intelligence,2021-09-23,2
754,754,33303843,754,2021-08-30,Business,2021-10-02,5
755,755,66580998,755,2021-09-12,Analytics,2021-09-28,1
756,756,16127299,756,2021-08-20,Data Visualization,2021-09-15,1
757,757,3951320,757,2021-08-22,AI,2021-10-07,6
758,758,24337600,758,2021-08-25,Administration,2021-08-27,2
759,759,34742966,759,2021-08-17,Administration,2021-08-19,1
760,760,8356995,760,2021-09-01,Deep Learning,2021-09-23,6
761,761,91278816,761,2021-09-22,Reinforcement Learning,2021-09-24,5
762,762,43512773,762,2021-07-31,Data Science,2021-08-26,1
763,763,9450371,763,2021-08-10,Analytics,2021-09-16,2
764,764,55626169,764,2021-08-06,Feature Engineering,2021-09-16,1
765,765,5072471,765,2021-09-05,Reinforcement Learning,2021-11-03,6
766,766,65707130,766,2021-09-25,Administration,2021-11-19,1
767,767,65446448,767,2021-09-21,Accounts,2021-09-27,3
768,768,41445000,768,2021-08-04,Data Science,2021-09-27,4
769,769,15577288,769,2021-09-08,Deep Learning,2021-11-01,1
770,770,67190210,770,2021-09-04,Data Visualization,2021-09-09,1
771,771,17082671,771,2021-08-07,Pattern Recognition,2021-09-09,6
772,772,76483358,772,2021-08-27,Accounts,2021-09-22,1
773,773,58190065,773,2021-08-22,Kaggle,2021-10-16,2
774,774,73790064,774,2021-08-22,Kaggle,2021-09-30,6
775,775,95708294,775,2021-09-04,Kaggle,2021-09-17,3
776,776,61548398,776,2021-08-04,Machine Learning,2021-09-19,2
777,777,31091325,777,2021-08-09,Leadership,2021-09-13,4
778,778,43187279,778,2021-08-07,Random Forest,2021-08-25,6
779,779,60101458,779,2021-08-09,Kaggle,2021-09-17,2
780,780,91442607,780,2021-09-13,Random Forest,2021-11-01,4
781,781,14370969,781,2021-09-07,Deep Learning,2021-09-19,6
782,782,22882708,782,2021-08-09,Finance,2021-08-26,1
783,783,74400700,783,2021-08-29,Data Science,2021-10-17,1
784,784,79061035,784,2021-09-20,Leadership,2021-10-29,6
785,785,50576981,785,2021-08-10,Data Science,2021-09-27,1
786,786,98935384,786,2021-09-17,Reinforcement Learning,2021-09-21,1
787,787,58754484,787,2021-08-21,Administration,2021-09-14,5
788,788,94370316,788,2021-08-05,Accounts,2021-09-12,4
789,789,19734177,789,2021-08-13,Consulting,2021-09-13,3
790,790,52943384,790,2021-09-03,Data Visualization,2021-10-20,3
791,791,23239311,791,2021-08-26,Reinforcement Learning,2021-09-13,5
792,792,89615897,792,2021-08-31,Pattern Recognition,2021-09-22,1
793,793,11870206,793,2021-09-03,Finance,2021-09-19,3
794,794,30264960,794,2021-09-15,Pattern Recognition,2021-10-07,3
795,795,17721670,795,2021-09-19,Data Visualization,2021-11-06,6
796,796,1631092,796,2021-09-21,Accounts,2021-10-20,3
797,797,71901172,797,2021-09-13,Neural Networks,2021-10-04,3
798,798,62704580,798,2021-08-24,Administration,2021-09-14,5
799,799,66846312,799,2021-09-11,Kaggle,2021-10-08,6
800,800,23130229,800,2021-09-17,Artificial Intelligence,2021-10-12,4
801,801,63770755,801,2021-08-22,Deep Learning,2021-09-11,6
802,802,23174031,802,2021-08-17,Random Forest,2021-08-17,6
803,803,62041039,803,2021-09-20,Accounts,2021-10-29,2
804,804,91960275,804,2021-08-24,Data Science,2021-08-27,3
805,805,99513286,805,2021-09-03,Leadership,2021-10-14,6
806,806,7799574,806,2021-09-22,AI,2021-10-18,4
807,807,26825203,807,2021-09-10,Consulting,2021-10-01,6
808,808,56166257,808,2021-09-15,Management,2021-09-26,6
809,809,26601360,809,2021-08-17,Random Forest,2021-09-21,6
810,810,96536435,810,2021-08-16,Random Forest,2021-08-29,6
811,811,61733231,811,2021-08-03,Analytics,2021-08-09,6
812,812,98184029,812,2021-08-24,Business,2021-10-01,1
813,813,885122,813,2021-08-12,Machine Learning,2021-10-08,6
814,814,71176232,814,2021-09-24,Management,2021-10-05,1
815,815,9052662,815,2021-09-07,Machine Learning,2021-09-13,6
816,816,51293657,816,2021-09-22,Business,2021-10-11,5
817,817,97712053,817,2021-08-11,Machine Learning,2021-09-22,3
818,818,7100387,818,2021-08-05,Neural Networks,2021-08-10,5
819,819,46491500,819,2021-09-21,Business,2021-10-13,3
820,820,50475648,820,2021-08-05,Consulting,2021-08-24,4
821,821,43606357,821,2021-09-25,Administration,2021-11-16,1
822,822,31012546,822,2021-08-09,Artificial Intelligence,2021-08-17,2
823,823,76066453,823,2021-08-03,Data Visualization,2021-08-09,6
824,824,63710931,824,2021-08-16,AI,2021-09-13,6
825,825,14142417,825,2021-08-08,Analytics,2021-08-26,1
826,826,33414162,826,2021-09-05,Random Forest,2021-10-04,3
827,827,44105278,827,2021-08-29,Machine Learning,2021-10-15,1
828,828,74846017,828,2021-09-10,Artificial Intelligence,2021-10-29,5
829,829,46776915,829,2021-09-17,Leadership,2021-10-01,4
830,830,30240337,830,2021-09-23,Management,2021-09-23,1
831,831,69657164,831,2021-09-20,Administration,2021-10-15,5
832,832,47983007,832,2021-08-05,Neural Networks,2021-08-17,6
833,833,35078537,833,2021-08-21,Kaggle,2021-10-08,4
834,834,85114073,834,2021-09-23,Pattern Recognition,2021-10-21,2
835,835,23078482,835,2021-09-06,Management,2021-10-07,5
836,836,35841309,836,2021-08-28,Feature Engineering,2021-10-20,2
837,837,92572446,837,2021-08-08,Business,2021-08-23,2
838,838,25449564,838,2021-08-09,Deep Learning,2021-08-09,5
839,839,57416426,839,2021-09-09,Accounts,2021-10-08,5
840,840,9226764,840,2021-08-06,Deep Learning,2021-10-02,6
841,841,919215,841,2021-08-06,Analytics,2021-08-19,3
842,842,71367561,842,2021-09-18,AI,2021-11-01,4
843,843,37418665,843,2021-09-07,Management,2021-09-19,1
844,844,45020982,844,2021-09-04,Deep Learning,2021-09-13,2
845,845,38739922,845,2021-08-09,Administration,2021-08-11,5
846,846,17838532,846,2021-08-21,Artificial Intelligence,2021-10-19,5
847,847,17943833,847,2021-08-20,Analytics,2021-08-24,4
848,848,67520518,848,2021-08-22,Kaggle,2021-10-17,1
849,849,20698705,849,2021-08-30,Feature Engineering,2021-10-23,4
850,850,45311660,850,2021-08-01,Kaggle,2021-09-07,5
851,851,14364091,851,2021-08-30,Pattern Recognition,2021-09-02,4
852,852,77803612,852,2021-09-12,Artificial Intelligence,2021-10-15,4
853,853,54840338,853,2021-08-28,Finance,2021-10-24,6
854,854,73681343,854,2021-08-03,Random Forest,2021-09-16,3
855,855,42830979,855,2021-08-10,Data Science,2021-08-26,5
856,856,37759825,856,2021-08-06,Deep Learning,2021-08-26,5
857,857,25837457,857,2021-09-10,Accounts,2021-10-17,4
858,858,57303830,858,2021-09-05,Administration,2021-10-18,6
859,859,83590689,859,2021-08-04,Feature Engineering,2021-09-24,4
860,860,97226371,860,2021-09-21,Feature Engineering,2021-10-11,5
861,861,39549944,861,2021-08-23,Reinforcement Learning,2021-09-28,1
862,862,70245732,862,2021-09-05,Administration,2021-10-15,5
863,863,68727564,863,2021-09-23,Deep Learning,2021-10-21,5
864,864,565969,864,2021-08-18,Pattern Recognition,2021-09-16,3
865,865,92108769,865,2021-07-31,Accounts,2021-08-05,2
866,866,98375683,866,2021-08-22,Machine Learning,2021-09-18,1
867,867,22545677,867,2021-09-09,Administration,2021-09-25,6
868,868,59780614,868,2021-09-24,Pattern Recognition,2021-09-26,6
869,869,15476594,869,2021-07-31,Data Visualization,2021-09-17,6
870,870,59906859,870,2021-08-06,AI,2021-08-28,6
871,871,44480733,871,2021-09-17,Kaggle,2021-11-03,1
872,872,71325801,872,2021-08-15,Consulting,2021-09-28,6
873,873,32032199,873,2021-08-30,Random Forest,2021-09-04,6
874,874,71126879,874,2021-09-14,Artificial Intelligence,2021-10-15,2
875,875,65259099,875,2021-08-02,Accounts,2021-08-04,5
876,876,33677346,876,2021-09-21,Reinforcement Learning,2021-10-13,4
877,877,98243233,877,2021-09-22,Consulting,2021-10-07,2
878,878,5415667,878,2021-08-18,Deep Learning,2021-08-20,3
879,879,2285294,879,2021-08-28,Neural Networks,2021-10-16,4
880,880,13327618,880,2021-08-16,Administration,2021-10-14,2
881,881,27086497,881,2021-08-06,Reinforcement Learning,2021-10-02,1
882,882,49153068,882,2021-07-30,Consulting,2021-09-08,2
883,883,66972404,883,2021-09-12,Accounts,2021-10-24,2
884,884,65332918,884,2021-09-02,Data Visualization,2021-10-13,4
885,885,15919225,885,2021-09-04,Deep Learning,2021-10-14,5
886,886,53069000,886,2021-08-06,Kaggle,2021-08-25,3
887,887,17307819,887,2021-09-19,Analytics,2021-10-26,4
888,888,27650892,888,2021-07-30,Data Science,2021-08-01,4
889,889,40131076,889,2021-08-18,Deep Learning,2021-10-05,3
890,890,47441253,890,2021-08-01,Leadership,2021-08-10,4
891,891,38167515,891,2021-09-20,Machine Learning,2021-09-20,4
892,892,41938076,892,2021-08-31,AI,2021-09-15,1
893,893,97367149,893,2021-08-03,Data Visualization,2021-09-28,2
894,894,69400288,894,2021-08-16,AI,2021-08-20,5
895,895,32505199,895,2021-09-02,Consulting,2021-09-22,3
896,896,13512262,896,2021-08-11,Machine Learning,2021-08-24,3
897,897,23218752,897,2021-08-01,Administration,2021-09-23,6
898,898,76898745,898,2021-09-15,Machine Learning,2021-10-25,5
899,899,99964833,899,2021-08-24,Neural Networks,2021-10-20,5
900,900,30217578,900,2021-09-25,Reinforcement Learning,2021-11-03,6
901,901,9228036,901,2021-08-05,Data Visualization,2021-08-08,5
902,902,36643698,902,2021-09-02,Artificial Intelligence,2021-09-27,4
903,903,96447386,903,2021-08-14,Administration,2021-09-22,2
904,904,27776805,904,2021-08-03,Accounts,2021-08-16,2
905,905,76567151,905,2021-08-29,Management,2021-09-17,6
906,906,54346055,906,2021-09-11,Artificial Intelligence,2021-10-10,3
907,907,48134045,907,2021-08-24,Analytics,2021-09-13,2
908,908,4027959,908,2021-09-21,Analytics,2021-10-17,1
909,909,23917046,909,2021-09-18,Kaggle,2021-11-11,5
910,910,46430378,910,2021-08-19,Management,2021-10-05,5
911,911,42802204,911,2021-08-03,Leadership,2021-09-08,1
912,912,10293612,912,2021-08-05,Deep Learning,2021-09-17,4
913,913,49432444,913,2021-09-12,AI,2021-09-13,3
914,914,90951194,914,2021-09-01,Neural Networks,2021-10-24,1
915,915,62117261,915,2021-08-06,Data Science,2021-09-07,2
916,916,62182724,916,2021-08-20,Management,2021-09-14,5
917,917,78522644,917,2021-09-25,Kaggle,2021-10-15,6
918,918,97679921,918,2021-08-20,Deep Learning,2021-09-26,1
919,919,13126335,919,2021-08-16,Kaggle,2021-09-05,1
920,920,19302309,920,2021-08-16,AI,2021-09-25,6
921,921,1987250,921,2021-08-25,Data Science,2021-09-12,2
922,922,95943763,922,2021-09-24,Deep Learning,2021-10-01,2
923,923,7240268,923,2021-08-14,Pattern Recognition,2021-08-15,5
924,924,53786158,924,2021-08-30,Reinforcement Learning,2021-10-07,4
925,925,48028108,925,2021-09-11,Management,2021-09-18,3
926,926,62657511,926,2021-09-01,Machine Learning,2021-10-18,3
927,927,29106074,927,2021-08-22,Artificial Intelligence,2021-10-19,3
928,928,93247967,928,2021-08-29,Leadership,2021-10-21,4
929,929,32429011,929,2021-07-30,Business,2021-08-27,6
930,930,39228223,930,2021-08-26,Data Science,2021-09-02,2
931,931,62778413,931,2021-09-08,Kaggle,2021-09-13,6
932,932,19880836,932,2021-09-09,Pattern Recognition,2021-09-18,3
933,933,62220299,933,2021-08-26,Deep Learning,2021-10-20,1
934,934,82654179,934,2021-08-04,AI,2021-09-29,2
935,935,3491130,935,2021-09-02,Machine Learning,2021-09-06,1
936,936,67763578,936,2021-09-05,Leadership,2021-09-29,2
937,937,88170681,937,2021-08-04,Finance,2021-09-29,4
938,938,62631750,938,2021-08-22,Deep Learning,2021-09-16,2
939,939,29931272,939,2021-09-01,Accounts,2021-10-21,5
940,940,86082458,940,2021-08-18,Leadership,2021-08-31,1
941,941,28693644,941,2021-09-22,Neural Networks,2021-10-19,4
942,942,53886701,942,2021-08-06,Machine Learning,2021-10-03,4
943,943,39108914,943,2021-08-27,Business,2021-10-02,3
944,944,12638669,944,2021-09-21,Pattern Recognition,2021-09-27,6
945,945,15262886,945,2021-09-16,Administration,2021-09-26,3
946,946,94979460,946,2021-08-20,Neural Networks,2021-09-30,2
947,947,63387058,947,2021-09-02,Accounts,2021-09-13,5
948,948,95704790,948,2021-09-10,Feature Engineering,2021-10-25,1
949,949,10635628,949,2021-08-11,Neural Networks,2021-09-28,1
950,950,43802383,950,2021-09-07,Administration,2021-09-22,1
951,951,5617371,951,2021-09-02,Pattern Recognition,2021-09-20,3
952,952,75136976,952,2021-08-27,Administration,2021-10-13,2
953,953,36994269,953,2021-08-08,Reinforcement Learning,2021-09-10,3
954,954,75786668,954,2021-08-09,Data Visualization,2021-10-04,4
955,955,56458082,955,2021-09-01,Accounts,2021-10-30,2
956,956,64812738,956,2021-09-11,Leadership,2021-09-30,5
957,957,39073564,957,2021-08-11,Data Science,2021-09-10,4
958,958,72570441,958,2021-08-17,Analytics,2021-08-18,1
959,959,74934865,959,2021-08-08,AI,2021-08-11,4
960,960,65572896,960,2021-09-23,Random Forest,2021-11-11,3
961,961,17128188,961,2021-09-18,Reinforcement Learning,2021-09-30,1
962,962,19591191,962,2021-08-13,Machine Learning,2021-09-06,4
963,963,76836187,963,2021-08-03,Management,2021-09-21,6
964,964,85941786,964,2021-09-18,Random Forest,2021-11-15,2
965,965,30314049,965,2021-08-23,Data Science,2021-09-30,5
966,966,41194393,966,2021-08-30,Neural Networks,2021-10-18,3
967,967,44280665,967,2021-09-16,Finance,2021-09-23,6
968,968,62569368,968,2021-09-02,Data Science,2021-09-22,2
969,969,20267681,969,2021-09-06,Artificial Intelligence,2021-10-19,1
970,970,33057391,970,2021-08-13,Reinforcement Learning,2021-08-20,4
971,971,92254533,971,2021-08-18,Consulting,2021-09-16,5
972,972,58351436,972,2021-08-28,Management,2021-10-25,6
973,973,76591980,973,2021-08-22,Reinforcement Learning,2021-10-09,4
974,974,25444717,974,2021-08-27,Consulting,2021-10-02,1
975,975,62611501,975,2021-08-24,Management,2021-08-31,1
976,976,36910690,976,2021-07-30,Accounts,2021-07-30,2
977,977,58439309,977,2021-08-17,Kaggle,2021-10-08,4
978,978,15820547,978,2021-08-03,Reinforcement Learning,2021-08-05,4
979,979,49706811,979,2021-09-15,Kaggle,2021-11-12,1
980,980,6492602,980,2021-08-14,Leadership,2021-09-07,3
981,981,13287486,981,2021-08-14,Deep Learning,2021-10-04,6
982,982,63975690,982,2021-09-17,Analytics,2021-10-10,2
983,983,74037583,983,2021-08-12,Machine Learning,2021-09-02,5
984,984,66659853,984,2021-08-05,Feature Engineering,2021-08-11,6
985,985,39337713,985,2021-09-18,Reinforcement Learning,2021-09-22,3
986,986,49301793,986,2021-07-31,Finance,2021-08-06,3
987,987,21094912,987,2021-09-10,Accounts,2021-09-22,3
988,988,32853919,988,2021-08-18,Deep Learning,2021-09-22,5
989,989,20951561,989,2021-08-08,Data Visualization,2021-08-31,4
990,990,22828007,990,2021-08-24,AI,2021-09-22,2
991,991,87253146,991,2021-09-18,Analytics,2021-10-31,2
992,992,12696846,992,2021-08-05,Administration,2021-08-21,4
993,993,24752495,993,2021-09-27,Reinforcement Learning,2021-10-26,3
994,994,13679959,994,2021-09-12,Feature Engineering,2021-10-30,2
995,995,58226759,995,2021-09-01,Business,2021-09-14,4
996,996,38248463,996,2021-09-20,Leadership,2021-09-20,2
997,997,74866914,997,2021-08-06,Business,2021-08-29,3
998,998,92127103,998,2021-09-10,Deep Learning,2021-09-30,1
999,999,6384745,999,2021-08-16,Kaggle,2021-09-09,5
